-- ---------------------------------------------------
--
-- SQL script generated by Red Expert.
-- Generated 21-Apr-2024 8:06:07
--
-- ---------------------------------------------------
--
-- Program:      script Доставка товаров.sql
-- Description:  SQL create tables script.
-- Schema:       Not Available
-- Database:     Not Available
--
-- ---------------------------------------------------



CREATE TABLE USER_ROLE (USER_ROLE_ID     INTEGER NOT NULL,
                        "NAME"             VARCHAR(100) NOT NULL,
                        CONSTRAINT PK_USER_ROLE_ID PRIMARY KEY (USER_ROLE_ID));


CREATE TABLE USERS (USER_ID         INTEGER NOT NULL,
                    LAST_NAME       VARCHAR(100) NOT NULL,
                    FIRST_NAME      VARCHAR(100) NOT NULL,
                    MIDDLE_NAME     VARCHAR(100) NOT NULL,
                    LOGIN           VARCHAR(100) NOT NULL,
                    "PASSWORD"        VARCHAR(100) NOT NULL,
                    STATUS          VARCHAR(100) NOT NULL,
                    USER_ROLE       INTEGER NOT NULL,
                    CONSTRAINT PK_User_ID PRIMARY KEY (USER_ID),
                    CONSTRAINT FK_User_Role_ID FOREIGN KEY (USER_ROLE) REFERENCES USER_ROLE(USER_ROLE_ID));


CREATE TABLE ORDERS (ORDER_ID           INTEGER NOT NULL,
                     "DATE"               DATE NOT NULL,
                     ORDER_STATUS       VARCHAR(100) NOT NULL,
                     PAYMENT_STATUS     VARCHAR(100) NOT NULL,
                     ADDRESS            VARCHAR(100) NOT NULL,
                     FIO_CLIENTS        VARCHAR(100) NOT NULL,
                     PAYMENT_FORM       VARCHAR(100) NOT NULL,
                     CONSTRAINT PK_Order_ID PRIMARY KEY (ORDER_ID));


CREATE TABLE STAFF_LIST (STAFF_LIST_ID     INTEGER NOT NULL,
                         STAFF_NUMBER      INTEGER NOT NULL,
                         TIME_START        TIME,
                         TIME_END          TIME,
                         CONSTRAINT PK_Staff_List_ID PRIMARY KEY (STAFF_LIST_ID));


CREATE TABLE USER_STAFF_LIST (USER_STAFF_LIST_ID     INTEGER NOT NULL,
                              USER_ID                INTEGER NOT NULL,
                              U_STAFF_LIST_ID        INTEGER NOT NULL,
                              CONSTRAINT PK_User_Staff_List PRIMARY KEY (USER_STAFF_LIST_ID),
                              CONSTRAINT FK_User_ID FOREIGN KEY (USER_ID) REFERENCES USERS(USER_ID),
                              CONSTRAINT FK_U_Staff_List_ID FOREIGN KEY (U_STAFF_LIST_ID) REFERENCES STAFF_LIST(STAFF_LIST_ID));


CREATE TABLE ORDER_STAFF_LIST (ORDER_STAFF_LIST_ID     INTEGER NOT NULL,
                               STAFF_LIST_ID           INTEGER NOT NULL,
                               ORDER_ID                INTEGER NOT NULL,
                               CONSTRAINT PK_Order_Staff_List_ID PRIMARY KEY (ORDER_STAFF_LIST_ID),
                               CONSTRAINT FK_Staff_List_ID FOREIGN KEY (STAFF_LIST_ID) REFERENCES STAFF_LIST(STAFF_LIST_ID),
                               CONSTRAINT FK_Order_ID FOREIGN KEY (ORDER_ID) REFERENCES ORDERS(ORDER_ID));
INSERT INTO USER_ROLE (
	USER_ROLE_ID,
	"NAME"
) VALUES (
	1,
	'Администратор'
);

INSERT INTO USER_ROLE (
	USER_ROLE_ID,
	"NAME"
) VALUES (
	2,
	'Курьер'
);

INSERT INTO USER_ROLE (
	USER_ROLE_ID,
	"NAME"
) VALUES (
	3,
	'Менеджер'
);

INSERT INTO USERS (
	USER_ID,
	LAST_NAME,
	FIRST_NAME,
	MIDDLE_NAME,
	LOGIN,
	PASSWORD,
	STATUS,
	USER_ROLE
) VALUES (
	1,
	'Заграничный',
	'Руслан',
	'Валентинович',
	'Kerryn',
	'AOVCpqo3Xe',
	'Работает',
	1
);

INSERT INTO USERS (
	USER_ID,
	LAST_NAME,
	FIRST_NAME,
	MIDDLE_NAME,
	LOGIN,
	PASSWORD,
	STATUS,
	USER_ROLE
) VALUES (
	2,
	'Бабакина',
	'Карина',
	'Леонидовна',
	'Erflyni',
	'U3CiuB1EIX',
	'Работает',
	1
);

INSERT INTO USERS (
	USER_ID,
	LAST_NAME,
	FIRST_NAME,
	MIDDLE_NAME,
	LOGIN,
	PASSWORD,
	STATUS,
	USER_ROLE
) VALUES (
	3,
	'Ободзинский',
	'Федор',
	'Робертович',
	'Lerton',
	'nlg2oHO4vw',
	'Уволен',
	2
);

INSERT INTO USERS (
	USER_ID,
	LAST_NAME,
	FIRST_NAME,
	MIDDLE_NAME,
	LOGIN,
	PASSWORD,
	STATUS,
	USER_ROLE
) VALUES (
	4,
	'Ростоцкий',
	'Андрей',
	'Михаилович',
	'Debrah',
	'uE1UQK1JzF',
	'Работает',
	2
);

INSERT INTO USERS (
	USER_ID,
	LAST_NAME,
	FIRST_NAME,
	MIDDLE_NAME,
	LOGIN,
	PASSWORD,
	STATUS,
	USER_ROLE
) VALUES (
	5,
	'Мальчик',
	'Михаил',
	'Константинович',
	'Ylin',
	'Fvm95k4AoP',
	'Работает',
	2
);

INSERT INTO USERS (
	USER_ID,
	LAST_NAME,
	FIRST_NAME,
	MIDDLE_NAME,
	LOGIN,
	PASSWORD,
	STATUS,
	USER_ROLE
) VALUES (
	6,
	'Гороховников',
	'Альберт',
	'Леонидович',
	'Arthaila',
	'5FVaJV3Rfm',
	'Работает',
	2
);

INSERT INTO USERS (
	USER_ID,
	LAST_NAME,
	FIRST_NAME,
	MIDDLE_NAME,
	LOGIN,
	PASSWORD,
	STATUS,
	USER_ROLE
) VALUES (
	7,
	'Бунтова',
	'Александра',
	'Денисовна',
	'Doriesi',
	'4yYsGMt42V',
	'Работает',
	3
);

INSERT INTO USERS (
	USER_ID,
	LAST_NAME,
	FIRST_NAME,
	MIDDLE_NAME,
	LOGIN,
	PASSWORD,
	STATUS,
	USER_ROLE
) VALUES (
	8,
	'Пригожин',
	'Алексей',
	'Антонович',
	'Briel',
	'bsF95m3qtp',
	'Работает',
	3
);

INSERT INTO ORDERS (
	ORDER_ID,
	"DATE",
	ORDER_STATUS,
	PAYMENT_STATUS,
	ADDRESS,
	FIO_CLIENTS,
	PAYMENT_FORM
) VALUES (
	1,
	'2024-04-19',
	'Готовится',
	'Принят',
	'190113, г. Санкт-Петербург, ул. Партизанская, 21, оф. 23',
	'Рожков Егор Тихонович',
	'наличная'
);

INSERT INTO ORDERS (
	ORDER_ID,
	"DATE",
	ORDER_STATUS,
	PAYMENT_STATUS,
	ADDRESS,
	FIO_CLIENTS,
	PAYMENT_FORM
) VALUES (
	2,
	'2024-04-19',
	'Готов',
	'Оплачен',
	'190444, г. Санкт-Петербург, ул. Механизаторов, 16, оф. 17',
	'Кудрявцева Милена Станиславовна',
	'безналичная'
);

INSERT INTO ORDERS (
	ORDER_ID,
	"DATE",
	ORDER_STATUS,
	PAYMENT_STATUS,
	ADDRESS,
	FIO_CLIENTS,
	PAYMENT_FORM
) VALUES (
	3,
	'2024-04-19',
	'Готовится',
	'Принят',
	'125802, г. Москва, ул. Пролетарская, 22, оф. 23',
	'Беспалова Василиса Эдуардовна',
	'безналичная'
);

INSERT INTO ORDERS (
	ORDER_ID,
	"DATE",
	ORDER_STATUS,
	PAYMENT_STATUS,
	ADDRESS,
	FIO_CLIENTS,
	PAYMENT_FORM
) VALUES (
	4,
	'2024-04-19',
	'Готов',
	'Оплачен',
	'426662, г. Ижевск, ул. Дорожная, 25, оф. 97',
	'Ситников Матвей Тихонович',
	'безналичная'
);

INSERT INTO ORDERS (
	ORDER_ID,
	"DATE",
	ORDER_STATUS,
	PAYMENT_STATUS,
	ADDRESS,
	FIO_CLIENTS,
	PAYMENT_FORM
) VALUES (
	5,
	'2024-04-19',
	'Готовится',
	'Принят',
	'420672, г. Казань, ул. Труда, 33, оф. 83',
	'Власов Георгий Владович',
	'безналичная'
);

INSERT INTO ORDERS (
	ORDER_ID,
	"DATE",
	ORDER_STATUS,
	PAYMENT_STATUS,
	ADDRESS,
	FIO_CLIENTS,
	PAYMENT_FORM
) VALUES (
	6,
	'2024-04-19',
	'Готов',
	'Оплачен',
	'603546, г. Нижний Новгород, ул. Цветочная, 27, оф. 47',
	'Кириллова Ксения Рустамовна',
	'наличная'
);

INSERT INTO ORDERS (
	ORDER_ID,
	"DATE",
	ORDER_STATUS,
	PAYMENT_STATUS,
	ADDRESS,
	FIO_CLIENTS,
	PAYMENT_FORM
) VALUES (
	7,
	'2024-04-19',
	'Готовится',
	'Принят',
	'603906, г. Нижний Новгород, ул. Колхозная, 27, оф. 19',
	'Евсеев Тимур Платонович',
	'наличная'
);

INSERT INTO ORDERS (
	ORDER_ID,
	"DATE",
	ORDER_STATUS,
	PAYMENT_STATUS,
	ADDRESS,
	FIO_CLIENTS,
	PAYMENT_FORM
) VALUES (
	8,
	'2024-04-19',
	'Готов',
	'Оплачен',
	'125246, г. Москва, ул. Клубная, 18, оф. 73',
	'Фокин Валерий Сергеевич',
	'наличная'
);

INSERT INTO ORDERS (
	ORDER_ID,
	"DATE",
	ORDER_STATUS,
	PAYMENT_STATUS,
	ADDRESS,
	FIO_CLIENTS,
	PAYMENT_FORM
) VALUES (
	9,
	'2024-04-19',
	'Готовится',
	'Принят',
	'625019, г. Тюмень, ул. Фрунзе, 4, оф. 12',
	'Соловьёва Наташа Ярославовна',
	'безналичная'
);
INSERT INTO STAFF_LIST (
	STAFF_LIST_ID,
	STAFF_NUMBER,
	TIME_START,
	TIME_END
) VALUES (
	1,
	1,
	'09:55',
	'10:00'
);

INSERT INTO STAFF_LIST (
	STAFF_LIST_ID,
	STAFF_NUMBER,
	TIME_START,
	TIME_END
) VALUES (
	2,
	2,
	'09:55',
	'10:00'
);

INSERT INTO STAFF_LIST (
	STAFF_LIST_ID,
	STAFF_NUMBER,
	TIME_START,
	TIME_END
) VALUES (
	3,
	3,
	'09:55',
	'10:00'
);
INSERT INTO Order_Staff_List (
	ORDER_STAFF_LIST_ID,
	STAFF_LIST_ID,
	ORDER_ID
) VALUES (
	1,
	1,
	1
);

INSERT INTO Order_Staff_List (
	ORDER_STAFF_LIST_ID,
	STAFF_LIST_ID,
	ORDER_ID
) VALUES (
	2,
	2,
	2
);

INSERT INTO Order_Staff_List (
	ORDER_STAFF_LIST_ID,
	STAFF_LIST_ID,
	ORDER_ID
) VALUES (
	3,
	3,
	3
);

INSERT INTO USER_STAFF_LIST (
	USER_STAFF_LIST_ID,
	USER_ID,
	U_STAFF_LIST_ID
) VALUES (
	1,
	1,
	1
);

INSERT INTO USER_STAFF_LIST (
	USER_STAFF_LIST_ID,
	USER_ID,
	U_STAFF_LIST_ID
) VALUES (
	2,
	2,
	2
);

INSERT INTO USER_STAFF_LIST (
	USER_STAFF_LIST_ID,
	USER_ID,
	U_STAFF_LIST_ID
) VALUES (
	3,
	3,
	3
);
